ID, Name, PhotoUrl
594852073,Curtis Robertson,https://randomuser.me/api/portraits/men/50.jpg
900094317,Allen Shelton,https://randomuser.me/api/portraits/men/62.jpg
788380169,Gabriel Day,https://randomuser.me/api/portraits/men/7.jpg
770211446,Frances Parker,https://randomuser.me/api/portraits/women/17.jpg
768825441,Myrtle Castro,https://randomuser.me/api/portraits/women/16.jpg
405627501,Javier Ruiz,https://randomuser.me/api/portraits/men/34.jpg
269975799,Priscilla Cole,https://randomuser.me/api/portraits/women/29.jpg
948678229,Julia Morris,https://randomuser.me/api/portraits/women/70.jpg
831316186,Juanita Mason,https://randomuser.me/api/portraits/women/73.jpg
783362350,Ian Price,https://randomuser.me/api/portraits/men/77.jpg
